{
    "z_1000.0": {
        "avg_max": 3225.65771484375,
        "avg_min": -4103.4306640625
    },
    "z_950.0": {
        "avg_max": 7283.80908203125,
        "avg_min": -73.68669128417969
    },
    "z_925.0": {
        "avg_max": 9401.5029296875,
        "avg_min": 2005.57373046875
    },
    "z_900.0": {
        "avg_max": 11583.5048828125,
        "avg_min": 4129.3603515625
    },
    "z_850.0": {
        "avg_max": 16158.7978515625,
        "avg_min": 8522.1201171875
    },
    "z_800.0": {
        "avg_max": 21030.427734375,
        "avg_min": 13126.267578125
    },
    "z_700.0": {
        "avg_max": 31759.5703125,
        "avg_min": 23041.984375
    },
    "z_600.0": {
        "avg_max": 44025.09375,
        "avg_min": 34018.54296875
    },
    "z_500.0": {
        "avg_max": 58182.62890625,
        "avg_min": 46392.87890625
    },
    "z_400.0": {
        "avg_max": 74953.625,
        "avg_min": 60946.14453125
    },
    "z_300.0": {
        "avg_max": 95620.0703125,
        "avg_min": 79104.21875
    },
    "z_250.0": {
        "avg_max": 108140.0390625,
        "avg_min": 90389.234375
    },
    "z_200.0": {
        "avg_max": 122797.671875,
        "avg_min": 104016.125
    },
    "z_150.0": {
        "avg_max": 140578.296875,
        "avg_min": 121285.375
    },
    "z_100.0": {
        "avg_max": 163810.625,
        "avg_min": 145057.515625
    },
    "z_70.0": {
        "avg_max": 183963.0,
        "avg_min": 165497.609375
    },
    "z_50.0": {
        "avg_max": 204453.765625,
        "avg_min": 184499.84375
    },
    "z_30.0": {
        "avg_max": 237261.453125,
        "avg_min": 213169.515625
    },
    "z_20.0": {
        "avg_max": 263964.53125,
        "avg_min": 236033.609375
    },
    "z_10.0": {
        "avg_max": 310691.5625,
        "avg_min": 275924.09375
    },
    "z_7.0": {
        "avg_max": 335359.0,
        "avg_min": 297080.25
    },
    "z_5.0": {
        "avg_max": 359219.65625,
        "avg_min": 317694.90625
    },
    "z_3.0": {
        "avg_max": 396928.0,
        "avg_min": 350343.75
    },
    "z_2.0": {
        "avg_max": 428160.78125,
        "avg_min": 377173.65625
    },
    "z_1.0": {
        "avg_max": 483062.125,
        "avg_min": 424470.4375
    },
    "q_1000.0": {
        "avg_max": 0.023412518203258514,
        "avg_min": 1.6254542060778476e-05
    },
    "q_950.0": {
        "avg_max": 0.021048834547400475,
        "avg_min": 1.7725777070154436e-05
    },
    "q_925.0": {
        "avg_max": 0.020085353404283524,
        "avg_min": 1.6907213648664765e-05
    },
    "q_900.0": {
        "avg_max": 0.019342364743351936,
        "avg_min": 1.3876650882593822e-05
    },
    "q_850.0": {
        "avg_max": 0.018209632486104965,
        "avg_min": 6.342924734781263e-06
    },
    "q_800.0": {
        "avg_max": 0.016705123707652092,
        "avg_min": 3.0455323667410994e-06
    },
    "q_700.0": {
        "avg_max": 0.013093891553580761,
        "avg_min": 1.4863690012134612e-06
    },
    "q_600.0": {
        "avg_max": 0.00999636109918356,
        "avg_min": 1.152420509242802e-06
    },
    "q_500.0": {
        "avg_max": 0.006851319223642349,
        "avg_min": 7.866721034588409e-07
    },
    "q_400.0": {
        "avg_max": 0.003929840866476297,
        "avg_min": 2.9615739549626596e-07
    },
    "q_300.0": {
        "avg_max": 0.0013845555949956179,
        "avg_min": 1.266550384571019e-06
    },
    "q_250.0": {
        "avg_max": 0.0005957368412055075,
        "avg_min": 1.2865488088209531e-06
    },
    "q_200.0": {
        "avg_max": 0.0001741806190693751,
        "avg_min": 1.1056727089453489e-06
    },
    "q_150.0": {
        "avg_max": 3.115674189757556e-05,
        "avg_min": 8.055317834987363e-07
    },
    "q_100.0": {
        "avg_max": 6.486645361292176e-06,
        "avg_min": 6.801910217291152e-07
    },
    "q_70.0": {
        "avg_max": 3.838832981273299e-06,
        "avg_min": 1.3526521343010245e-06
    },
    "q_50.0": {
        "avg_max": 3.2368104712077184e-06,
        "avg_min": 1.7492216102255043e-06
    },
    "q_30.0": {
        "avg_max": 3.573460617189994e-06,
        "avg_min": 2.222875991719775e-06
    },
    "q_20.0": {
        "avg_max": 3.750355517695425e-06,
        "avg_min": 2.4995038074848708e-06
    },
    "q_10.0": {
        "avg_max": 3.888151240971638e-06,
        "avg_min": 2.7279274945612997e-06
    },
    "q_7.0": {
        "avg_max": 3.930256298190216e-06,
        "avg_min": 2.7998075893265195e-06
    },
    "q_5.0": {
        "avg_max": 3.957605713367229e-06,
        "avg_min": 2.8931149245181587e-06
    },
    "q_3.0": {
        "avg_max": 3.99149939767085e-06,
        "avg_min": 3.0744031391805038e-06
    },
    "q_2.0": {
        "avg_max": 4.026790065836394e-06,
        "avg_min": 3.2446403110952815e-06
    },
    "q_1.0": {
        "avg_max": 4.092682956979843e-06,
        "avg_min": 3.318500375826261e-06
    },
    "u_1000.0": {
        "avg_max": 23.607383728027344,
        "avg_min": -23.896747589111328
    },
    "u_950.0": {
        "avg_max": 33.507408142089844,
        "avg_min": -33.82171630859375
    },
    "u_925.0": {
        "avg_max": 36.441619873046875,
        "avg_min": -36.822784423828125
    },
    "u_900.0": {
        "avg_max": 37.97595977783203,
        "avg_min": -37.77742385864258
    },
    "u_850.0": {
        "avg_max": 39.02396011352539,
        "avg_min": -36.55868911743164
    },
    "u_800.0": {
        "avg_max": 39.64262771606445,
        "avg_min": -34.9986572265625
    },
    "u_700.0": {
        "avg_max": 43.15291213989258,
        "avg_min": -31.356367111206055
    },
    "u_600.0": {
        "avg_max": 50.4082145690918,
        "avg_min": -29.561595916748047
    },
    "u_500.0": {
        "avg_max": 60.65306854248047,
        "avg_min": -31.670719146728516
    },
    "u_400.0": {
        "avg_max": 72.7485580444336,
        "avg_min": -36.85987854003906
    },
    "u_300.0": {
        "avg_max": 85.7856674194336,
        "avg_min": -39.93156051635742
    },
    "u_250.0": {
        "avg_max": 89.80726623535156,
        "avg_min": -36.74687194824219
    },
    "u_200.0": {
        "avg_max": 87.05684661865234,
        "avg_min": -32.198368072509766
    },
    "u_150.0": {
        "avg_max": 73.33827209472656,
        "avg_min": -35.17816925048828
    },
    "u_100.0": {
        "avg_max": 57.416465759277344,
        "avg_min": -34.04682540893555
    },
    "u_70.0": {
        "avg_max": 55.06787109375,
        "avg_min": -25.2418270111084
    },
    "u_50.0": {
        "avg_max": 58.839813232421875,
        "avg_min": -26.33873176574707
    },
    "u_30.0": {
        "avg_max": 67.82694244384766,
        "avg_min": -32.07029724121094
    },
    "u_20.0": {
        "avg_max": 75.51431274414062,
        "avg_min": -36.47462463378906
    },
    "u_10.0": {
        "avg_max": 87.74913787841797,
        "avg_min": -42.12520980834961
    },
    "u_7.0": {
        "avg_max": 93.5499496459961,
        "avg_min": -44.51412582397461
    },
    "u_5.0": {
        "avg_max": 98.24292755126953,
        "avg_min": -46.68901443481445
    },
    "u_3.0": {
        "avg_max": 106.19985961914062,
        "avg_min": -49.92826843261719
    },
    "u_2.0": {
        "avg_max": 113.6318130493164,
        "avg_min": -52.05711364746094
    },
    "u_1.0": {
        "avg_max": 125.60426330566406,
        "avg_min": -55.866844177246094
    },
    "v_1000.0": {
        "avg_max": 23.642412185668945,
        "avg_min": -23.558849334716797
    },
    "v_950.0": {
        "avg_max": 33.769378662109375,
        "avg_min": -33.34914016723633
    },
    "v_925.0": {
        "avg_max": 36.06721878051758,
        "avg_min": -35.43023681640625
    },
    "v_900.0": {
        "avg_max": 36.90167999267578,
        "avg_min": -36.215335845947266
    },
    "v_850.0": {
        "avg_max": 36.84328842163086,
        "avg_min": -36.0495491027832
    },
    "v_800.0": {
        "avg_max": 36.25320816040039,